-- INSERT INTO OWNER(ID, DOCUMENT, NAME) VALUES(1, '298.167.243', 'Igor Silva');
-- INSERT INTO OWNER(ID, DOCUMENT, NAME) VALUES(2, '923.743.354', 'Mariana Ximenes');
-- INSERT INTO OWNER(ID, DOCUMENT, NAME) VALUES(3, '327.382.287', 'Angélica Huck');
-- INSERT INTO OWNER(ID, DOCUMENT, NAME) VALUES(4, '398.298.372', 'Jade Picon');
-- INSERT INTO OWNER(ID, DOCUMENT, NAME) VALUES(5, '429.737.911', 'Victor Hugo');
-- INSERT INTO OWNER(ID, DOCUMENT, NAME) VALUES(6, '387.236.298', 'Gean Carlos');
-- INSERT INTO OWNER(ID, DOCUMENT, NAME) VALUES(7, '423.089.701', 'Beatriz');
-- INSERT INTO OWNER(ID, DOCUMENT, NAME) VALUES(8, '382.731.233', 'Pedro Scooby');
-- INSERT INTO OWNER(ID, DOCUMENT, NAME) VALUES(9, '210.347.312', 'Arthur Aguiar');
-- INSERT INTO OWNER(ID, DOCUMENT, NAME) VALUES(10, '387.647.367', 'Daniele Oliveira');
--
-- INSERT INTO VEHICLE(BRAND, COLOR, LICENSE_PLATE, MODEL, OWNER_ID) VALUES('Audi', 'White', 'AHU3982', 'A3', 1);
-- INSERT INTO VEHICLE(BRAND, COLOR, LICENSE_PLATE, MODEL, OWNER_ID) VALUES('Hyundai', 'Silver', 'ASF2187', 'HB20', 3);
-- INSERT INTO VEHICLE(BRAND, COLOR, LICENSE_PLATE, MODEL, OWNER_ID) VALUES('Fiat', 'White', 'SDJ3932', 'Toro', 2);
-- INSERT INTO VEHICLE(BRAND, COLOR, LICENSE_PLATE, MODEL, OWNER_ID) VALUES('BMW', 'Black', 'AIH5412', '320i', 4);
-- INSERT INTO VEHICLE(BRAND, COLOR, LICENSE_PLATE, MODEL, OWNER_ID) VALUES('Ford', 'Black', 'KNV1020', 'Eco Sport', 9);
-- INSERT INTO VEHICLE(BRAND, COLOR, LICENSE_PLATE, MODEL, OWNER_ID) VALUES('Chevrolet', 'White', 'POA1092', 'S10', 10);
-- INSERT INTO VEHICLE(BRAND, COLOR, LICENSE_PLATE, MODEL, OWNER_ID) VALUES('Volkswagen', 'Red', 'CNB0912', 'Gol', 7);
-- INSERT INTO VEHICLE(BRAND, COLOR, LICENSE_PLATE, MODEL, OWNER_ID) VALUES('Chevrolet', 'Black', 'KJJ4093', 'Astra', 8);
-- INSERT INTO VEHICLE(BRAND, COLOR, LICENSE_PLATE, MODEL, OWNER_ID) VALUES('Ford', 'Yellow', 'VDJ2903', 'Camaro', 4);
-- INSERT INTO VEHICLE(BRAND, COLOR, LICENSE_PLATE, MODEL, OWNER_ID) VALUES('Renault', 'Green', 'DKS4093', 'Kwid', 5);
--
-- INSERT INTO APARTMENT(NUMBER, OWNER_ID) VALUES('001-Block A', 4);
-- INSERT INTO APARTMENT(NUMBER, OWNER_ID) VALUES('002-Block A', 8);
-- INSERT INTO APARTMENT(NUMBER, OWNER_ID) VALUES('003-Block A', 3);
-- INSERT INTO APARTMENT(NUMBER, OWNER_ID) VALUES('004-Block A', 10);
-- INSERT INTO APARTMENT(NUMBER, OWNER_ID) VALUES('005-Block A', 9);
-- INSERT INTO APARTMENT(NUMBER, OWNER_ID) VALUES('001-Block B', 1);
-- INSERT INTO APARTMENT(NUMBER, OWNER_ID) VALUES('002-Block B', 2);
-- INSERT INTO APARTMENT(NUMBER, OWNER_ID) VALUES('003-Block B', 7);
-- INSERT INTO APARTMENT(NUMBER, OWNER_ID) VALUES('004-Block B', 5);
-- INSERT INTO APARTMENT(NUMBER, OWNER_ID) VALUES('005-Block B', 6);
--
-- INSERT INTO PARKING_SPOT(NUMBER, APARTMENT_ID) VALUES('01', 1);
-- INSERT INTO PARKING_SPOT(NUMBER, APARTMENT_ID) VALUES('02', 2);
-- INSERT INTO PARKING_SPOT(NUMBER, APARTMENT_ID) VALUES('03', 3);
-- INSERT INTO PARKING_SPOT(NUMBER, APARTMENT_ID) VALUES('04', 4);
-- INSERT INTO PARKING_SPOT(NUMBER, APARTMENT_ID) VALUES('05', 5);
-- INSERT INTO PARKING_SPOT(NUMBER, APARTMENT_ID) VALUES('06', 6);
-- INSERT INTO PARKING_SPOT(NUMBER, APARTMENT_ID) VALUES('07', 7);
-- INSERT INTO PARKING_SPOT(NUMBER, APARTMENT_ID) VALUES('08', 8);
-- INSERT INTO PARKING_SPOT(NUMBER, APARTMENT_ID) VALUES('09', 9);
-- INSERT INTO PARKING_SPOT(NUMBER, APARTMENT_ID) VALUES('10', 10);